06-01-1971;Projecto do Sistema Escolar e as Linhas Gerais da Reforma do Ensino Superior;world;image;https://www.youtube.com/watch?v=dQw4w9WgXcQ
14-12-1971;Reunião do Conselho do Instituto de Estudos Sociais (IES);world;image;https://www.youtube.com/watch?v=dQw4w9WgXcQ
31-10-1972;296 estudantes;portugal;video;https://www.youtube.com/watch?v=dQw4w9WgXcQ
15-12-1972;Criação do ISCTE;iscte;image;https://www.youtube.com/watch?v=dQw4w9WgXcQ
15-12-1972;Criação de Licenciatura em Ciências do Trabalho (1972-1978);world;image;https://www.youtube.com/watch?v=dQw4w9WgXcQ
15-12-1972;Criação de Licenciatura em Ciências Sociais;iscte;video;https://www.youtube.com/watch?v=dQw4w9WgXcQ
15-12-1972;Criação de Licenciatura em Economia;iscte;image;https://www.youtube.com/watch?v=dQw4w9WgXcQ
15-12-1972;Criação de Licenciatura em Organização e Gestão de Empresas (OGE);portugal;video;https://www.youtube.com/watch?v=dQw4w9WgXcQ
21-12-1972;Estudante nº 1 Abel dos Santos Alves, licenciatura OGE;world;web_page;https://www.youtube.com/watch?v=dQw4w9WgXcQ
30-09-1972;Discentes: 219;world;video;https://www.youtube.com/watch?v=dQw4w9WgXcQ
01-01-1973;CEE: adesão da Dinamarca, Irlanda, Reino Unido;portugal;video;https://www.youtube.com/watch?v=dQw4w9WgXcQ
03-02-1973;Docentes: 12;iscte;web_page;https://www.youtube.com/watch?v=dQw4w9WgXcQ
11-08-1973;Integração do ISCTE na Universidade Nova de Lisboa recém-criada;world;web_page;https://www.youtube.com/watch?v=dQw4w9WgXcQ
11-08-1973;Decreto Lei nº 402/73, redefinição do quadro institucional da expansão e diversificação do ensino superior;world;social_media;https://www.youtube.com/watch?v=dQw4w9WgXcQ
11-09-1973;Chile: Derrube do governo de Salvador Allende;portugal;web_page;https://www.youtube.com/watch?v=dQw4w9WgXcQ
24-09-1973;Guiné-Bissau: declaração unilateral de independência;iscte;web_page;https://www.youtube.com/watch?v=dQw4w9WgXcQ
30-09-1973;Discentes: 942;world;social_media;https://www.youtube.com/watch?v=dQw4w9WgXcQ
31-12-1973;Henrique Martins de Carvalho nomeado Diretor do ISCTE;world;social_media;https://www.youtube.com/watch?v=dQw4w9WgXcQ
30-09-1973;Discentes: 942;portugal;doc;https://www.youtube.com/watch?v=dQw4w9WgXcQ
25-04-1974;Portugal: Revolução dos Cravos;iscte;social_media;https://www.youtube.com/watch?v=dQw4w9WgXcQ
27-04-1974;Primeira reunião do Conselho Escolar pós golpe militar;world;social_media;https://www.youtube.com/watch?v=dQw4w9WgXcQ
29-04-1974;Decreto Lei Nº 176/74, exonora os reitores, vice-reitores das universidades, directores das faculdades, escolas ou institutos universitários;iscte;doc;https://www.youtube.com/watch?v=dQw4w9WgXcQ
02-05-1974;Extinção do Conselho Escolar pela Assembleia plenária do ISCTE;iscte;doc;https://www.youtube.com/watch?v=dQw4w9WgXcQ
02-05-1974;Eleição de uma Comissão Directiva;portugal;music;https://www.youtube.com/watch?v=dQw4w9WgXcQ
04-05-1974;Extinção do Conselho Escolar do ISCTE;world;doc;https://www.youtube.com/watch?v=dQw4w9WgXcQ
27-05-1974;Decreto Lei nº 221/74, aceita as comissões eleitas nas escolas;world;doc;https://www.youtube.com/watch?v=dQw4w9WgXcQ
28-05-1974;Decreto Lei nº 225/74, especifíca o ISCTE;portugal;music;https://www.youtube.com/watch?v=dQw4w9WgXcQ
26-06-1974;Protestos de estudantes do ISCTE por um controlo democrático do ensino por parte dos estudantes;iscte;music;https://www.youtube.com/watch?v=dQw4w9WgXcQ
24-07-1974;Grécia: Queda da ditadura dos Coronéis;world;music;https://www.youtube.com/watch?v=dQw4w9WgXcQ
26-08-1974;Independência de Cabo Verde;world;music;https://www.youtube.com/watch?v=dQw4w9WgXcQ
30-09-1974;Discentes: 879;portugal;web_page;https://www.youtube.com/watch?v=dQw4w9WgXcQ
01-01-1975;Constituição do Centro de Estudos de História Contemporânea Portuguesa (CEHCP);iscte;web_page;https://www.youtube.com/watch?v=dQw4w9WgXcQ
30-04-1975;Rendição de Saigão. Fim da Guerra do Vietname;world;social_media;https://www.youtube.com/watch?v=dQw4w9WgXcQ
25-06-1975;Independência de Moçambique;iscte;web_page;https://www.youtube.com/watch?v=dQw4w9WgXcQ
12-07-1975;Independência de São Tomé e Príncipe;iscte;web_page;https://www.youtube.com/watch?v=dQw4w9WgXcQ
11-11-1975;Independência de Angola;portugal;social_media;https://www.youtube.com/watch?v=dQw4w9WgXcQ
20-11-1975;Espanha: Fim do regime franquista;world;social_media;https://www.youtube.com/watch?v=dQw4w9WgXcQ
09-07-1976;INIC (1976-1992);world;doc;https://www.youtube.com/watch?v=dQw4w9WgXcQ
31-12-1976;Início da construção do Edifício I;portugal;social_media;https://www.youtube.com/watch?v=dQw4w9WgXcQ
03-05-1977;José Joaquim Laginha eleito Presidente do Conselho Diretivo;iscte;social_media;https://www.youtube.com/watch?v=dQw4w9WgXcQ
10-11-1977;Decreto Lei nº 463 - A/77, extinção da Licenciatura de Sociologia;world;doc;https://www.youtube.com/watch?v=dQw4w9WgXcQ
31-12-1977;Mário Murteira eleito Presidente do Conselho Pedagógico;world;doc;https://www.youtube.com/watch?v=dQw4w9WgXcQ
31-12-1977;Francisco Pina Prata eleito Presidente do Conselho Científico;portugal;music;https://www.youtube.com/watch?v=dQw4w9WgXcQ
30-09-1977;Discentes: 1569;iscte;doc;https://www.youtube.com/watch?v=dQw4w9WgXcQ
28-02-1978;Desanexação da Universidade Nova de Lisboa;world;web_page;https://www.youtube.com/watch?v=dQw4w9WgXcQ
05-04-1978;Criação oficial de Licenciatura em Sociologia;iscte;web_page;https://www.youtube.com/watch?v=dQw4w9WgXcQ
06-12-1978;Institucionalização do NC nacional;iscte;social_media;https://www.youtube.com/watch?v=dQw4w9WgXcQ
31-12-1978;Edifício I (11.349 m2);portugal;image;https://www.youtube.com/watch?v=dQw4w9WgXcQ
31-12-1978;Adérito Sedas Nunes eleito Presidente do Conselho Científico;world;image;https://www.youtube.com/watch?v=dQw4w9WgXcQ
26-04-1979;Francisco Pina Prata eleito Presidente do Conselho Diretivo;world;video;https://www.youtube.com/watch?v=dQw4w9WgXcQ
02-05-1979;Criação do Conselho de Reitores das Universidades Portuguesas (CRUP);portugal;image;https://www.youtube.com/watch?v=dQw4w9WgXcQ
31-12-1979;Constituição do Centro de Estudos de História Portuguesa Contemporânea (CEHPC);world;image;https://www.youtube.com/watch?v=dQw4w9WgXcQ
31-12-1979;José Joaquim Laginha eleito Presidente do Conselho Pedagógico;world;video;https://www.youtube.com/watch?v=dQw4w9WgXcQ
07-03-1980;Emissão regular de televisão a cores;portugal;image;https://www.youtube.com/watch?v=dQw4w9WgXcQ
19-03-1980;Eduardo Gomes Cardoso eleito Presidente do Conselho Diretivo;iscte;video;https://www.youtube.com/watch?v=dQw4w9WgXcQ
16-07-1980;ECDU (Lei 16/80);world;web_page;https://www.youtube.com/watch?v=dQw4w9WgXcQ
04-12-1980;Morte de Francisco Sá Carneiro, 1934-1980;iscte;video;https://www.youtube.com/watch?v=dQw4w9WgXcQ
31-12-1980;Francisco Pina Prata eleito Presidente do Conselho Pedagógico;iscte;video;https://www.youtube.com/watch?v=dQw4w9WgXcQ
01-01-1981;UE: adesão da Grécia;portugal;web_page;https://www.youtube.com/watch?v=dQw4w9WgXcQ
31-12-1981;Constituição do Centro de Estudos Africanos (CEA);world;web_page;https://www.youtube.com/watch?v=dQw4w9WgXcQ
17-01-1982;José Madureira Pinto, primeiro doutorado pelo ISCTE (sociologia);world;social_media;https://www.youtube.com/watch?v=dQw4w9WgXcQ
05-05-1982;Conferida capacidade de atribuição dos graus de mestre e doutor através da Universidade Técnica de Lisboa (UTL);portugal;web_page;https://www.youtube.com/watch?v=dQw4w9WgXcQ
29-10-1982;Criação de Licenciatura em Antropologia Social;iscte;web_page;https://www.youtube.com/watch?v=dQw4w9WgXcQ
31-12-1982;Mário Campos Pinto eleito Presidente do Conselho Pedagógico;world;social_media;https://www.youtube.com/watch?v=dQw4w9WgXcQ
31-12-1982;Mário Murteira eleito Presidente do Conselho Científico;world;social_media;https://www.youtube.com/watch?v=dQw4w9WgXcQ
31-12-1982;Criação do Departamento de Antropologia;portugal;doc;https://www.youtube.com/watch?v=dQw4w9WgXcQ
30-09-1982;Discentes: 2268;iscte;social_media;https://www.youtube.com/watch?v=dQw4w9WgXcQ
01-01-1983;AIESTE;world;social_media;https://www.youtube.com/watch?v=dQw4w9WgXcQ
17-02-1983;Criação de Licenciatura em Antropologia Social;iscte;doc;https://www.youtube.com/watch?v=dQw4w9WgXcQ
30-06-1983;Carlos Caiano Pereira, presidente Conselho Diretivo;iscte;doc;https://www.youtube.com/watch?v=dQw4w9WgXcQ
29-07-1983;Criação de Licenciatura em Organização e Gestão de Empresas (OGE);portugal;music;https://www.youtube.com/watch?v=dQw4w9WgXcQ
20-12-1983;Ler História, nº1;world;doc;https://www.youtube.com/watch?v=dQw4w9WgXcQ
31-12-1983;Carlos Caiano Pereira eleito Presidente do Conselho Diretivo;world;doc;https://www.youtube.com/watch?v=dQw4w9WgXcQ
12-08-1984;Jogos Olímpicos, Los Angeles, ouro, Carlos Lopes, maratona;portugal;music;https://www.youtube.com/watch?v=dQw4w9WgXcQ
27-09-1984;José Manuel Prostes da Fonseca eleito Presidente do Conselho Diretivo;iscte;music;https://www.youtube.com/watch?v=dQw4w9WgXcQ
31-12-1984;Constituição do Centro Interdisciplinar de Estudos Económicos (CIEE);world;music;https://www.youtube.com/watch?v=dQw4w9WgXcQ
19-06-1985;Constituição do Centro de Investigação e estudos de Sociologia, C.R.L. (CIES);world;music;https://www.youtube.com/watch?v=dQw4w9WgXcQ
02-09-1985;Arranque do Multibanco;portugal;web_page;https://www.youtube.com/watch?v=dQw4w9WgXcQ
02-09-1985;Entrada em funcionamento da rede MB;iscte;web_page;https://www.youtube.com/watch?v=dQw4w9WgXcQ
31-12-1985;João Ferreira de Almeida eleito Presidente do Conselho Científico;world;social_media;https://www.youtube.com/watch?v=dQw4w9WgXcQ
01-01-1986;Adesão de Portugal à CEE;iscte;web_page;https://www.youtube.com/watch?v=dQw4w9WgXcQ
01-01-1986;UE: adesão de Espanha e Portugal;iscte;web_page;https://www.youtube.com/watch?v=dQw4w9WgXcQ
26-04-1986;Acidente nuclear na central de Chernobil, URSS;portugal;social_media;https://www.youtube.com/watch?v=dQw4w9WgXcQ
09-06-1986;Criação do Centro de Estudos de Antropologia Social (CEAS);world;social_media;https://www.youtube.com/watch?v=dQw4w9WgXcQ
30-06-1986;Sociologia, Problemas e Práticas, nº1;world;doc;https://www.youtube.com/watch?v=dQw4w9WgXcQ
31-12-1986;António Silva Leal eleito Presidente do Conselho Pedagógico;portugal;social_media;https://www.youtube.com/watch?v=dQw4w9WgXcQ
13-06-1987;Programa Erasmus;iscte;social_media;https://www.youtube.com/watch?v=dQw4w9WgXcQ
15-02-1988;Retirada militar soviética do Afeganistão;world;doc;https://www.youtube.com/watch?v=dQw4w9WgXcQ
26-07-1988;Portaria nº 461/88, Oficialização do Mestrado de Sociologia;world;doc;https://www.youtube.com/watch?v=dQw4w9WgXcQ
26-07-1988;Criação do Mestrado de Sociologia do Trabalho;portugal;music;https://www.youtube.com/watch?v=dQw4w9WgXcQ
26-07-1988;Criação do Mestrado de Sociologia Urbana e Rural;iscte;doc;https://www.youtube.com/watch?v=dQw4w9WgXcQ
27-07-1988;Portaria nº 496/88, aprovação do Mestrado em Ciências Empresariais;world;web_page;https://www.youtube.com/watch?v=dQw4w9WgXcQ
27-07-1988;Criação do Mestrado em Gestão, Estratégia e Desenvolvimento Empresarial;iscte;web_page;https://www.youtube.com/watch?v=dQw4w9WgXcQ
27-07-1988;Criação do Mestrado em Sistemas de Informação em Gestão;iscte;social_media;https://www.youtube.com/watch?v=dQw4w9WgXcQ
27-07-1988;pós graduação em Comportamento Organizacional;portugal;web_page;https://www.youtube.com/watch?v=dQw4w9WgXcQ
27-07-1988;pós graduação em Política e Gestão de Recursos Humanos;world;web_page;https://www.youtube.com/watch?v=dQw4w9WgXcQ
24-08-1988;Constituição da Associação de Estudantes (atual AEISCTE-IUL);world;social_media;https://www.youtube.com/watch?v=dQw4w9WgXcQ
23-09-1988;Jogos Olímpicos, Seul, ouro, Rosa Mota, maratona;portugal;social_media;https://www.youtube.com/watch?v=dQw4w9WgXcQ
24-09-1988;Lei da autonomia universitária;iscte;doc;https://www.youtube.com/watch?v=dQw4w9WgXcQ
02-11-1988;Criação do INDEG;world;social_media;https://www.youtube.com/watch?v=dQw4w9WgXcQ
02-11-1988;Constituição do INDEG-ISCTE;world;social_media;https://www.youtube.com/watch?v=dQw4w9WgXcQ
31-12-1988;José Manuel Vaz eleito Presidente do Conselho Pedagógico;portugal;doc;https://www.youtube.com/watch?v=dQw4w9WgXcQ
31-12-1988;Afonso de Barros eleito Presidente do Conselho Científico;iscte;doc;https://www.youtube.com/watch?v=dQw4w9WgXcQ
31-12-1988;Criação do Departamento de Ciências e Tecnologia da Informação;world;music;https://www.youtube.com/watch?v=dQw4w9WgXcQ
31-12-1988;Criação do Departamento de Métodos Quantitativos para a Gestão e Economia;iscte;doc;https://www.youtube.com/watch?v=dQw4w9WgXcQ
11-04-1989;Criação do DINAMIA-IUL (Centro de Estudos sobre Mudanças Socioeconomicas);iscte;image;https://www.youtube.com/watch?v=dQw4w9WgXcQ
04-06-1989;Repressão violenta pelo exército dos manifestantes na praça Tianamen, em Pequim;world;image;https://www.youtube.com/watch?v=dQw4w9WgXcQ
12-07-1989;Criação da Licenciatura em Informática e Gestão de Empresas;world;video;https://www.youtube.com/watch?v=dQw4w9WgXcQ
09-11-1989;Queda do Muro de Berlim;portugal;image;https://www.youtube.com/watch?v=dQw4w9WgXcQ
16-12-1991;Constituição Centro de Investigação e de Intervenção Social (CIS);iscte;image;https://www.youtube.com/watch?v=dQw4w9WgXcQ
31-12-1989;Constituição da Associação para o Desenvolvimento das Telecomunicações e Técnicas de Informática (ADETTI);world;video;https://www.youtube.com/watch?v=dQw4w9WgXcQ
31-12-1989;Constituição do Centro de Estudos sobre a Mudança Socioeconómica;iscte;image;https://www.youtube.com/watch?v=dQw4w9WgXcQ
31-12-1989;Rogério Roque Amaro eleito Presidente do Conselho Pedagógico;iscte;video;https://www.youtube.com/watch?v=dQw4w9WgXcQ
07-02-1990;Estatutos do ISCTE;portugal;web_page;https://www.youtube.com/watch?v=dQw4w9WgXcQ
23-03-1990;Afonso de Barros, presidente do ISCTE;world;video;https://www.youtube.com/watch?v=dQw4w9WgXcQ
02-08-1990;Primeira Guerra do Golfo;world;video;https://www.youtube.com/watch?v=dQw4w9WgXcQ
07-12-1990;Criação da Tuna académica;portugal;web_page;https://www.youtube.com/watch?v=dQw4w9WgXcQ
31-12-1990;Acácio Magro eleito Presidente do Conselho Pedagógico;iscte;web_page;https://www.youtube.com/watch?v=dQw4w9WgXcQ
31-12-1990;Jorge Correia Jesuíno eleito Presidente do Conselho Científico;world;social_media;https://www.youtube.com/watch?v=dQw4w9WgXcQ
31-12-1990;José Manuel Paquete de Oliveira eleito Presidente do Conselho Diretivo do ISCTE;world;image;https://www.youtube.com/watch?v=dQw4w9WgXcQ
31-12-1990;Afonso de Barros eleito Presidente do ISCTE;portugal;image;https://www.youtube.com/watch?v=dQw4w9WgXcQ
31-12-1990;pós graduação em Desenvolvimento Social e Económico em África;iscte;video;https://www.youtube.com/watch?v=dQw4w9WgXcQ
14-05-1991;Primeiro McDonald's em Portugal;world;image;https://www.youtube.com/watch?v=dQw4w9WgXcQ
08-11-1991;Fim da URSS;iscte;image;https://www.youtube.com/watch?v=dQw4w9WgXcQ
16-12-1991;Constituição do Centro de Investigação e Intervenção Social (CIS), associação;iscte;video;https://www.youtube.com/watch?v=dQw4w9WgXcQ
31-12-1991;Constituição do Centro de Estudos Territoriais;portugal;image;https://www.youtube.com/watch?v=dQw4w9WgXcQ
07-02-1992;Tratado de Maastricht assinado;world;video;https://www.youtube.com/watch?v=dQw4w9WgXcQ
08-04-1992;João Ferreira de Almeida, presidente do ISCTE;world;web_page;https://www.youtube.com/watch?v=dQw4w9WgXcQ
03-06-1992;ECO-92, Rio de Janeiro;portugal;video;https://www.youtube.com/watch?v=dQw4w9WgXcQ
03-06-1992;ECO-92, Rio de Janeiro;iscte;video;https://www.youtube.com/watch?v=dQw4w9WgXcQ
06-10-1992;SIC: primeiro canal televisivo privado;world;web_page;https://www.youtube.com/watch?v=dQw4w9WgXcQ
15-12-1992;20º aniversário (medalha);world;web_page;https://www.youtube.com/watch?v=dQw4w9WgXcQ
31-12-1992;João Ferreira de Almeida eleito Presidente;portugal;social_media;https://www.youtube.com/watch?v=dQw4w9WgXcQ
28-06-1993;Criação de Licenciatura em Gestão e Engenharia Industrial;iscte;;https://www.youtube.com/watch?v=dQw4w9WgXcQ
20-07-1993;Criação de Licenciatura em Sociologia e Planeamento;world;web_page;https://www.youtube.com/watch?v=dQw4w9WgXcQ
15-09-1993;e-mail para os docentes;iscte;web_page;https://www.youtube.com/watch?v=dQw4w9WgXcQ
15-09-1993;EASP General Meeting no ISCTE;iscte;social_media;https://www.youtube.com/watch?v=dQw4w9WgXcQ
01-11-1993;Tratado de Maastricht passa a estar em vigor;portugal;social_media;https://www.youtube.com/watch?v=dQw4w9WgXcQ
07-04-1994;Genocídio no Ruanda;world;doc;https://www.youtube.com/watch?v=dQw4w9WgXcQ
10-05-1994;Nelson Mandela presidente da África do Sul;world;social_media;https://www.youtube.com/watch?v=dQw4w9WgXcQ
05-07-1994;Criação de Licenciatura em Economia;portugal;social_media;https://www.youtube.com/watch?v=dQw4w9WgXcQ
31-12-1994;Constituição da Unidade de Investigação em Desenvolvimento Empresarial (UNIDE);iscte;doc;https://www.youtube.com/watch?v=dQw4w9WgXcQ
31-12-1994;Pavilhão-esplanada (119 m2);world;doc;https://www.youtube.com/watch?v=dQw4w9WgXcQ
31-12-1994;Cave ala sul (717 m2);world;music;https://www.youtube.com/watch?v=dQw4w9WgXcQ
31-12-1994;Mário Leston Bandeira eleito Presidente do Conselho Pedagógico;portugal;doc;https://www.youtube.com/watch?v=dQw4w9WgXcQ
01-01-1995;UE: adesão da Áustria, Finlândia, Suécia;iscte;image;https://www.youtube.com/watch?v=dQw4w9WgXcQ
11-07-1995;Criação de Licenciatura em Psicologia Social e das Organizações;world;image;https://www.youtube.com/watch?v=dQw4w9WgXcQ
31-12-1995;Ala Autónoma (5.183 m2);iscte;video;https://www.youtube.com/watch?v=dQw4w9WgXcQ
31-12-1995;Edifício INDEG (3.300 m2);iscte;image;https://www.youtube.com/watch?v=dQw4w9WgXcQ
01-01-1996;AAAISCTE;portugal;image;https://www.youtube.com/watch?v=dQw4w9WgXcQ
29-01-1996;Licenciatura em História Moderna e Contemporânea;world;video;https://www.youtube.com/watch?v=dQw4w9WgXcQ
26-06-1996;Licenciatura em Gestão de Recursos Humanos;world;image;https://www.youtube.com/watch?v=dQw4w9WgXcQ
10-07-1996;Membro da Fundação das Universidades Portuguesas;portugal;video;https://www.youtube.com/watch?v=dQw4w9WgXcQ
03-08-1996;Jogos Olímpicos, Atlanta, ouro, Fernanda Ribeiro, 10.000 m;iscte;web_page;https://www.youtube.com/watch?v=dQw4w9WgXcQ
13-11-1996;Site ISCTE;world;video;https://www.youtube.com/watch?v=dQw4w9WgXcQ
31-12-1996;revista Economia Global e Gestão;world;image;https://www.youtube.com/watch?v=dQw4w9WgXcQ
31-12-1996;João Freire eleito Presidente do Conselho Científico;portugal;image;https://www.youtube.com/watch?v=dQw4w9WgXcQ
31-12-1996;Manuel Alberto Martins Ferreira eleito Presidente do Conselho Diretivo;iscte;video;https://www.youtube.com/watch?v=dQw4w9WgXcQ
28-07-1997;FCT;world;image;https://www.youtube.com/watch?v=dQw4w9WgXcQ
28-07-1997;JNICT (1967-1997);iscte;image;https://www.youtube.com/watch?v=dQw4w9WgXcQ
02-10-1997;Acordo de Schengen;iscte;video;https://www.youtube.com/watch?v=dQw4w9WgXcQ
15-12-1997;25º aniversário (medalha);world;image;https://www.youtube.com/watch?v=dQw4w9WgXcQ
31-12-1997;Etnográfica, nº1;world;video;https://www.youtube.com/watch?v=dQw4w9WgXcQ
31-12-1997;ISCTE 25 anos. Nascido para inovar;portugal;web_page;https://www.youtube.com/watch?v=dQw4w9WgXcQ
26-02-1998;Guerra do Kosovo;iscte;video;https://www.youtube.com/watch?v=dQw4w9WgXcQ
09-05-1998;Licenciatura em Engenharia de Telecomunicações e Informática;world;video;https://www.youtube.com/watch?v=dQw4w9WgXcQ
22-05-1998;Abertura da EXPO98, em Lisboa;iscte;web_page;https://www.youtube.com/watch?v=dQw4w9WgXcQ
05-06-1998;Criação de Licenciatura em Finanças;iscte;web_page;https://www.youtube.com/watch?v=dQw4w9WgXcQ
29-07-1998;Criação de Licenciatura em Arquitetura;portugal;social_media;https://www.youtube.com/watch?v=dQw4w9WgXcQ
03-09-1998;Catálogo da biblioteca em linha digital;world;web_page;https://www.youtube.com/watch?v=dQw4w9WgXcQ
08-10-1998;Atribuição do prémio Nobel Literatura a José Saramago;world;web_page;https://www.youtube.com/watch?v=dQw4w9WgXcQ
12-03-1999;Doutor h.c. Immanuel Wallerstein;portugal;social_media;https://www.youtube.com/watch?v=dQw4w9WgXcQ
10-06-1999;Declaração de Bolonha EEES;iscte;social_media;https://www.youtube.com/watch?v=dQw4w9WgXcQ
30-08-1999;Independência de Timor Leste;world;doc;https://www.youtube.com/watch?v=dQw4w9WgXcQ
08-09-1999;Cordão humano por Timor-Leste;world;social_media;https://www.youtube.com/watch?v=dQw4w9WgXcQ
20-12-1999;Transferência da soberania de Macau à China;portugal;social_media;https://www.youtube.com/watch?v=dQw4w9WgXcQ
31-12-1999;Certificação da IBS;iscte;doc;https://www.youtube.com/watch?v=dQw4w9WgXcQ
29-03-2000;Criação de Licenciatura em Marketing;world;doc;https://www.youtube.com/watch?v=dQw4w9WgXcQ
05-09-2000;Estatutos do ISCTE;iscte;music;https://www.youtube.com/watch?v=dQw4w9WgXcQ
12-09-2000;revista Cidades, Comunidades e Territórios;iscte;doc;https://www.youtube.com/watch?v=dQw4w9WgXcQ
11-09-2001;Ataque ao World Trade Center, Nova Iorque;portugal;doc;https://www.youtube.com/watch?v=dQw4w9WgXcQ
17-09-2001;Criação do grupo de teatro mISCuTEm;world;music;https://www.youtube.com/watch?v=dQw4w9WgXcQ
07-10-2001;Guerra do Afeganistão;world;music;https://www.youtube.com/watch?v=dQw4w9WgXcQ
31-12-2001;Criação do Departamento de Finanças;portugal;music;https://www.youtube.com/watch?v=dQw4w9WgXcQ
01-01-2002;Moeda € entra em circulação;iscte;music;https://www.youtube.com/watch?v=dQw4w9WgXcQ
17-05-2002;Regulamentação do CIISCTE;world;web_page;https://www.youtube.com/watch?v=dQw4w9WgXcQ
31-12-2002;Constituição da Escola de Gestão;world;web_page;https://www.youtube.com/watch?v=dQw4w9WgXcQ
31-12-2002;Revista Portuguesa e Brasileira de Gestão;portugal;social_media;https://www.youtube.com/watch?v=dQw4w9WgXcQ
31-12-2002;Trajetos, Revista de Comunicação, Cultura e Educação;iscte;web_page;https://www.youtube.com/watch?v=dQw4w9WgXcQ
31-12-2002;Edifício II (30.501 m2);world;web_page;https://www.youtube.com/watch?v=dQw4w9WgXcQ
31-12-2002;Albino Lopes eleito Presidente do Conselho Científico;iscte;social_media;https://www.youtube.com/watch?v=dQw4w9WgXcQ
31-12-2002;Criação do Departamento de História;iscte;social_media;https://www.youtube.com/watch?v=dQw4w9WgXcQ
31-12-2002;Alteração da Biblioteca para o Edifício II;portugal;doc;https://www.youtube.com/watch?v=dQw4w9WgXcQ
20-03-2003;Segunda Guerra do Golfo;world;social_media;https://www.youtube.com/watch?v=dQw4w9WgXcQ
03-04-2003;Resolução da AR nº 31/2003 Medidas de enquadramento das praxes académicas;world;social_media;https://www.youtube.com/watch?v=dQw4w9WgXcQ
07-05-2003;Criação de Licenciatura em Engenharia Informática;portugal;doc;https://www.youtube.com/watch?v=dQw4w9WgXcQ
21-10-2003;Greve nacional contra as propinas;iscte;doc;https://www.youtube.com/watch?v=dQw4w9WgXcQ
28-10-2003;Doutor h.c. Serge Moscovici;world;music;https://www.youtube.com/watch?v=dQw4w9WgXcQ
31-12-2003;Praça central (2.315 m2);world;doc;https://www.youtube.com/watch?v=dQw4w9WgXcQ
01-05-2004;UE: adesão de Chipre, Eslováquia, Eslovénia, Estónia, Hungria, Letónia, Lituânia, Malta, Polónia, República checa;portugal;web_page;https://www.youtube.com/watch?v=dQw4w9WgXcQ
26-08-2004;Plataforma de e-learning Blackboard;iscte;web_page;https://www.youtube.com/watch?v=dQw4w9WgXcQ
17-12-2004;Vitória da Lista M a Assembleia do ISCTE;world;social_media;https://www.youtube.com/watch?v=dQw4w9WgXcQ
26-12-2004;Terramoto e sismo submarinos no Índico: 230.000 mortos;iscte;web_page;https://www.youtube.com/watch?v=dQw4w9WgXcQ
31-12-2004;Adesão à plataforma DeGóis;iscte;web_page;https://www.youtube.com/watch?v=dQw4w9WgXcQ
31-12-2004;Maria de Lurdes Rodrigues eleita Presidente do Conselho Científico;portugal;social_media;https://www.youtube.com/watch?v=dQw4w9WgXcQ
28-02-2005;Luís Antero Reto eleito Presidente do ISCTE;world;social_media;https://www.youtube.com/watch?v=dQw4w9WgXcQ
21-04-2005;Membro do Conselho de Reitores das Universidades Portuguesas;world;doc;https://www.youtube.com/watch?v=dQw4w9WgXcQ
30-04-2005;Lançamento do Repositório institucional;portugal;social_media;https://www.youtube.com/watch?v=dQw4w9WgXcQ
13-06-2005;Morte de Álvaro Cunhal, 1913-2005;iscte;social_media;https://www.youtube.com/watch?v=dQw4w9WgXcQ
19-06-2005;Criação de Licenciatura em Arquitetura;world;doc;https://www.youtube.com/watch?v=dQw4w9WgXcQ
27-07-2005;Fundação do AUDAX;world;doc;https://www.youtube.com/watch?v=dQw4w9WgXcQ
31-12-2005;António Sarmento Gomes Mota eleito Presidente do INDEG;portugal;music;https://www.youtube.com/watch?v=dQw4w9WgXcQ
31-12-2005;Adesão ao CRUP;iscte;doc;https://www.youtube.com/watch?v=dQw4w9WgXcQ
28-02-2006;Raúl Hestnes Ferreira. Arquitetura e universidade. ISCTE, 1972-2005;world;image;https://www.youtube.com/watch?v=dQw4w9WgXcQ
28-02-2006;Adequações e criações de cursos ao modelo de Bolonha (15 licenciaturas, 25 mestrados, 4 doutoramentos);iscte;image;https://www.youtube.com/watch?v=dQw4w9WgXcQ
19-09-2006;Criação de Licenciatura em Ciência Política;iscte;video;https://www.youtube.com/watch?v=dQw4w9WgXcQ
19-10-2006;Membro Europeam University Association;world;image;https://www.youtube.com/watch?v=dQw4w9WgXcQ
15-11-2006;Adequações e criações de cursos ao modelo de bolonha (3 licenciaturas, 32 mestrados, 1 mestrado integrado, 7 doutoramentos);world;image;https://www.youtube.com/watch?v=dQw4w9WgXcQ
31-12-2006;Adesão a Associação das Universidades de Língua Portuguesa (AULP);portugal;video;https://www.youtube.com/watch?v=dQw4w9WgXcQ
31-12-2006;Adesão a European University Association (EUA);iscte;image;https://www.youtube.com/watch?v=dQw4w9WgXcQ
31-12-2006;Integração na rede COLOMBUS;world;video;https://www.youtube.com/watch?v=dQw4w9WgXcQ
01-01-2007;UE: adesão da Bulgária e da Roménia;iscte;web_page;https://www.youtube.com/watch?v=dQw4w9WgXcQ
01-07-2007;Atribuição da residência universitária Prof. José Pinto Peixoto;iscte;video;https://www.youtube.com/watch?v=dQw4w9WgXcQ
31-07-2007;Criação de Licenciatura em Finanças e Contabilidade;portugal;video;https://www.youtube.com/watch?v=dQw4w9WgXcQ
16-08-2007;Criação da A3ES;world;web_page;https://www.youtube.com/watch?v=dQw4w9WgXcQ
25-10-2007;Repositório institucional;world;web_page;https://www.youtube.com/watch?v=dQw4w9WgXcQ
05-11-2007;Gabinete de Qualidade (DL n.º 369/2007​; Lei n.º 38/2007)​;portugal;social_media;https://www.youtube.com/watch?v=dQw4w9WgXcQ
12-11-2007;Clube ISCTE;iscte;image;https://www.youtube.com/watch?v=dQw4w9WgXcQ
26-12-2007;Fenix;world;image;https://www.youtube.com/watch?v=dQw4w9WgXcQ
31-12-2007;Sílvia Silva eleita Presidente do Conselho Pedagógico;world;video;https://www.youtube.com/watch?v=dQw4w9WgXcQ
31-12-2007;Carlos Sá da Costa eleito Presidente do Conselho Científico;portugal;image;https://www.youtube.com/watch?v=dQw4w9WgXcQ
31-12-2007;Criação do Clube de Alumni do ISCTE;iscte;image;https://www.youtube.com/watch?v=dQw4w9WgXcQ
31-12-2007;Alteração da designação para ISCTE-IUL;world;video;https://www.youtube.com/watch?v=dQw4w9WgXcQ
08-05-2008;ISCTE Instituto Universitário de Lisboa;iscte;image;https://www.youtube.com/watch?v=dQw4w9WgXcQ
19-08-2008;Criação de Licenciatura em Ciência Política;iscte;video;https://www.youtube.com/watch?v=dQw4w9WgXcQ
21-08-2008;Jogos Olímpicos, Pequim, ouro, Nélson Évora, triplo salto;portugal;web_page;https://www.youtube.com/watch?v=dQw4w9WgXcQ
01-09-2008;Inscrição dos estudantes online;world;video;https://www.youtube.com/watch?v=dQw4w9WgXcQ
17-12-2008;Certificação de Qualidade (ISO 9001:2008) a qual tem vindo a ser sistematicamente renovada;world;video;https://www.youtube.com/watch?v=dQw4w9WgXcQ
31-12-2008;Automatização plena das inscrições do 1º Ciclo;portugal;web_page;https://www.youtube.com/watch?v=dQw4w9WgXcQ
27-04-2009;Fundação ISCTE;iscte;web_page;https://www.youtube.com/watch?v=dQw4w9WgXcQ
08-05-2009;Nova orgânica: escolas, departamentos, unidades de investigação;world;social_media;https://www.youtube.com/watch?v=dQw4w9WgXcQ
06-11-2009;Primeiro reitor: Luís Antero Reto;world;video;https://www.youtube.com/watch?v=dQw4w9WgXcQ
31-12-2009;Carlos Lopes eleito Presidente do Conselho Geral;portugal;web_page;https://www.youtube.com/watch?v=dQw4w9WgXcQ
31-12-2009;António Ramalho Eanes nomeado Presidente do Conselho de Curadores;iscte;web_page;https://www.youtube.com/watch?v=dQw4w9WgXcQ
10-02-2010;Editora Mundos Sociais;world;social_media;https://www.youtube.com/watch?v=dQw4w9WgXcQ
12-04-2010;Criação da Unidade Orgânica CIES-ISCTE;iscte;image;https://www.youtube.com/watch?v=dQw4w9WgXcQ
12-05-2010;Centro de Investigação e Intervenção Social (CIS-IUL);iscte;image;https://www.youtube.com/watch?v=dQw4w9WgXcQ
12-05-2010;Integração do Centro de Investigação e Intervenção Social (CIS) no ISCTE;portugal;video;https://www.youtube.com/watch?v=dQw4w9WgXcQ
06-06-2010;Site ISCTE-IUL;world;image;https://www.youtube.com/watch?v=dQw4w9WgXcQ
01-07-2010;Maria Luisa Soares Almeida Pedrosa de Lima eleita Diretora da Escola de Ciências Sociais e Humanas (ECSH);world;image;https://www.youtube.com/watch?v=dQw4w9WgXcQ
01-07-2010;António Sarmento Gomes Mota eleito Diretor da Escola de Gestão (IBS);portugal;video;https://www.youtube.com/watch?v=dQw4w9WgXcQ
01-07-2010;Juan Pedro Mozzicafreddo eleito Diretor da Escola de Sociologia e Políticas Públicas (ESPP);iscte;image;https://www.youtube.com/watch?v=dQw4w9WgXcQ
01-07-2010;Francisco António Bucho Cercas eleito Diretor da Escola de Tecnologias e Arquitetura (ISTA);world;video;https://www.youtube.com/watch?v=dQw4w9WgXcQ
30-09-2010;Discentes: 9542;world;web_page;https://www.youtube.com/watch?v=dQw4w9WgXcQ
06-12-2010;Regulamento Disciplinar de Discentes;portugal;video;https://www.youtube.com/watch?v=dQw4w9WgXcQ
31-12-2010;Criação de Licenciatura em Serviço Social;iscte;video;https://www.youtube.com/watch?v=dQw4w9WgXcQ
31-12-2010;Victor Franco eleito Presidente do Conselho Científico;world;web_page;https://www.youtube.com/watch?v=dQw4w9WgXcQ
31-12-2010;Criação do Departamento de Marketing, Operações e Gestão Geral;iscte;web_page;https://www.youtube.com/watch?v=dQw4w9WgXcQ
31-01-2011;Criação do Serviço de Ação Social;iscte;social_media;https://www.youtube.com/watch?v=dQw4w9WgXcQ
11-03-2011;Acidente central nuclear, Fukusima, Japão;portugal;image;https://www.youtube.com/watch?v=dQw4w9WgXcQ
18-03-2011;Licenciatura em Economia;world;image;https://www.youtube.com/watch?v=dQw4w9WgXcQ
28-03-2011;IPPS;world;video;https://www.youtube.com/watch?v=dQw4w9WgXcQ
27-04-2011;Doutor h.c. André Jordan;portugal;image;https://www.youtube.com/watch?v=dQw4w9WgXcQ
27-04-2011;Honoris causa José Veiga Simão;iscte;image;https://www.youtube.com/watch?v=dQw4w9WgXcQ
17-05-2011;Intervenção da Troika;world;video;https://www.youtube.com/watch?v=dQw4w9WgXcQ
10-06-2011;Comissão de Ética;world;image;https://www.youtube.com/watch?v=dQw4w9WgXcQ
30-09-2011;Discentes: 10043;portugal;video;https://www.youtube.com/watch?v=dQw4w9WgXcQ
02-11-2011;ISCTE aprova a 1ª versão do Manual da Qualidade (com revisões bienais);iscte;web_page;https://www.youtube.com/watch?v=dQw4w9WgXcQ
31-12-2011;Automatização plena das inscrições do 2º Ciclo;world;video;https://www.youtube.com/watch?v=dQw4w9WgXcQ
31-12-2011;Susana Carvalhosa eleita Presidente do Conselho Pedagógico;iscte;video;https://www.youtube.com/watch?v=dQw4w9WgXcQ
02-06-2012;Claque ISCTE (500 participantes) assiste ao jogo da seleção portuguesa contra a seleção turca;iscte;web_page;https://www.youtube.com/watch?v=dQw4w9WgXcQ
30-09-2012;Discentes: 10074;world;web_page;https://www.youtube.com/watch?v=dQw4w9WgXcQ
20-11-2012;Mohamed Azzim Gulamhussen eleito Diretor do IBS;world;social_media;https://www.youtube.com/watch?v=dQw4w9WgXcQ
31-12-2012;Até onde nos leva o saber. Uma história de 40 anos do ISCTE Instituto Universitário de Lisboa;portugal;web_page;https://www.youtube.com/watch?v=dQw4w9WgXcQ
31-12-2012;Honoris causa Manuel Marín;iscte;web_page;https://www.youtube.com/watch?v=dQw4w9WgXcQ
06-03-2013;José Luís Saldanha eleito Presidente do Conselho Pedagógico;world;social_media;https://www.youtube.com/watch?v=dQw4w9WgXcQ
01-07-2013;UE: adesão da Croácia;iscte;social_media;https://www.youtube.com/watch?v=dQw4w9WgXcQ
08-07-2013;Filipe Marcelo Correia Brito Reis eleito Diretor da ECSH;iscte;doc;https://www.youtube.com/watch?v=dQw4w9WgXcQ
09-07-2013;ISCTE faz a sua primeira Autoavaliação Institucional ao abrigo do programa Institutional Evaluation Programme da European University Association (EUA);portugal;social_media;https://www.youtube.com/watch?v=dQw4w9WgXcQ
12-07-2013;Helena Maria Barroso Carvalho eleita Diretora da ESPP;world;social_media;https://www.youtube.com/watch?v=dQw4w9WgXcQ
18-09-2013;Ricardo Parreira de Azambuja Fonseca eleito Diretor da ISTA;world;doc;https://www.youtube.com/watch?v=dQw4w9WgXcQ
30-09-2013;Discentes: 10171;portugal;doc;https://www.youtube.com/watch?v=dQw4w9WgXcQ
09-11-2013;Site imeritos;iscte;music;https://www.youtube.com/watch?v=dQw4w9WgXcQ
11-11-2013;Site ciencia-iul;world;doc;https://www.youtube.com/watch?v=dQw4w9WgXcQ
31-12-2013;José Manuel Rebelo eleito Presidente do Conselho Cientifico;world;doc;https://www.youtube.com/watch?v=dQw4w9WgXcQ
31-12-2013;Transição da CEA para CEI;portugal;music;https://www.youtube.com/watch?v=dQw4w9WgXcQ
28-02-2014;Resolução da AR nº24/2014 Medidas sobre a praxe académica;iscte;music;https://www.youtube.com/watch?v=dQw4w9WgXcQ
01-03-2014;Luís Antero Reto eleito Reitor ISCTE – Instituto Universitário de Lisboa;world;music;https://www.youtube.com/watch?v=dQw4w9WgXcQ
18-03-2014;Incorporação da Crimeia na Federação Russa;iscte;music;https://www.youtube.com/watch?v=dQw4w9WgXcQ
30-04-2014;Resolução da AR nº 43/2014 Medidas de combate a todas as formas de violência escolar;iscte;web_page;https://www.youtube.com/watch?v=dQw4w9WgXcQ
30-09-2014;Discentes: 10176;portugal;web_page;https://www.youtube.com/watch?v=dQw4w9WgXcQ
15-12-2014;MyISCTE;world;social_media;https://www.youtube.com/watch?v=dQw4w9WgXcQ
31-12-2014;Automatização plena das inscrições do 3º Ciclo;world;web_page;https://www.youtube.com/watch?v=dQw4w9WgXcQ
07-01-2015;Massacre de Charlie Hebdo;portugal;web_page;https://www.youtube.com/watch?v=dQw4w9WgXcQ
02-02-2015;Francisco Cercas eleito Presidente do Conselho Cientifico;iscte;social_media;https://www.youtube.com/watch?v=dQw4w9WgXcQ
11-02-2015;ISCTE obtém a Certificação do seu Sistema Integrado de Garantia da Qualidade (SIGQ) pela A3ES por 6 anos (período máximo previsto);world;social_media;https://www.youtube.com/watch?v=dQw4w9WgXcQ
09-04-2015;José Paulo Esperança eleito Diretor do IBS;world;doc;https://www.youtube.com/watch?v=dQw4w9WgXcQ
11-09-2015;Criação do Coro ISCTE;portugal;social_media;https://www.youtube.com/watch?v=dQw4w9WgXcQ
30-09-2015;Discentes: 10647;iscte;social_media;https://www.youtube.com/watch?v=dQw4w9WgXcQ
30-11-2015;COP21 Climate Change, Paris;world;doc;https://www.youtube.com/watch?v=dQw4w9WgXcQ
12-12-2015;Acordo de Paris sobre alterações climáticas;iscte;doc;https://www.youtube.com/watch?v=dQw4w9WgXcQ
26-02-2016;Resolução da AR nº 38/2016 Reforço de medidas sobre a praxe académica;iscte;music;https://www.youtube.com/watch?v=dQw4w9WgXcQ
10-07-2016;Portugal sagra-se campeão europeu de futebol;portugal;doc;https://www.youtube.com/watch?v=dQw4w9WgXcQ
20-07-2016;Filipe Marcelo Correia Brito Reis eleito Diretor da ECSH;world;web_page;https://www.youtube.com/watch?v=dQw4w9WgXcQ
20-07-2016;Maria Helena Chaves Carreira eleita Diretora da ESPP;world;web_page;https://www.youtube.com/watch?v=dQw4w9WgXcQ
22-09-2016;ISCTE surge classificado pela primeira vez no ranking Times Higher Education (THE);portugal;social_media;https://www.youtube.com/watch?v=dQw4w9WgXcQ
29-09-2016;Ricardo Parreira de Azambuja Fonseca eleito Diretor da ISTA;iscte;image;https://www.youtube.com/watch?v=dQw4w9WgXcQ
30-09-2016;Discentes: 10488;world;image;https://www.youtube.com/watch?v=dQw4w9WgXcQ
12-11-2016;Colômbia: acordo de paz entre o governo e as FARC;world;video;https://www.youtube.com/watch?v=dQw4w9WgXcQ
15-12-2016;Uma Década de Intervenções no Campus.ISCTE-Iul Arquitetura e universidade 2005-2015, J. Baltazar;portugal;image;https://www.youtube.com/watch?v=dQw4w9WgXcQ
31-12-2016;Carlos Santos Ferreira eleito Presidente do Conselho de Curadores;iscte;image;https://www.youtube.com/watch?v=dQw4w9WgXcQ
01-01-2017;António Guterres, secretário-geral da ONU;world;video;https://www.youtube.com/watch?v=dQw4w9WgXcQ
07-01-2017;Mário Soares, 1924-2017;iscte;image;https://www.youtube.com/watch?v=dQw4w9WgXcQ
09-01-2017;Código de Conduta Académica (plágio);iscte;video;https://www.youtube.com/watch?v=dQw4w9WgXcQ
31-01-2017;Relatório final: A praxe como fenómeno social, DG Ensino Superior;portugal;web_page;https://www.youtube.com/watch?v=dQw4w9WgXcQ
23-02-2017;Criação da Rede Nacional de Escolas Doutorais (RnED);world;video;https://www.youtube.com/watch?v=dQw4w9WgXcQ
17-03-2017;ISCTE integra a componente da Sustentabilidade no SIGQ;world;video;https://www.youtube.com/watch?v=dQw4w9WgXcQ
17-03-2017;Fernando Baptista eleito Presidente do Conselho Pedagógico;portugal;web_page;https://www.youtube.com/watch?v=dQw4w9WgXcQ
13-05-2017;Salvador Sobral vence o Festival Eurovisão da Canção;iscte;web_page;https://www.youtube.com/watch?v=dQw4w9WgXcQ
26-06-2017;Fogos florestais em Pedrógão Grande causam 66 mortos;world;social_media;https://www.youtube.com/watch?v=dQw4w9WgXcQ
08-09-2017;Júlio Pedrosa eleito Presidente do Conselho Geral;world;web_page;https://www.youtube.com/watch?v=dQw4w9WgXcQ
30-09-2017;Discentes: 10620;portugal;web_page;https://www.youtube.com/watch?v=dQw4w9WgXcQ
15-10-2017;Fogos florestais na zona centro causam 48 mortos;iscte;social_media;https://www.youtube.com/watch?v=dQw4w9WgXcQ
31-12-2017;CiênciaVitae Sistema nacional de gestão curricular de ciência;world;social_media;https://www.youtube.com/watch?v=dQw4w9WgXcQ
28-02-2018;Afirmação de uma identidade. 45 anos de ISCTE Instituto Universitário de Lisboa;iscte;doc;https://www.youtube.com/watch?v=dQw4w9WgXcQ
08-03-2018;Primeira reitora: Maria de Lurdes Rodrigues;iscte;social_media;https://www.youtube.com/watch?v=dQw4w9WgXcQ
08-03-2018;Maria de Lurdes Rodrigues eleita Reitora do ISCTE – Instituto Universitário de Lisboa.;portugal;social_media;https://www.youtube.com/watch?v=dQw4w9WgXcQ
09-05-2018;Retrato da investigação científica no ISCTE-IUL, Conselho Geral;world;doc;https://www.youtube.com/watch?v=dQw4w9WgXcQ
05-09-2018;ISCTE obtém a Acreditação Institucional pela A3ES por 6 anos (período máximo previsto);world;doc;https://www.youtube.com/watch?v=dQw4w9WgXcQ
30-09-2018;Discentes: 10939;portugal;music;https://www.youtube.com/watch?v=dQw4w9WgXcQ
23-11-2018;Carlos Manuel Gutierrez Sá da Costa eleito Diretor da ISTA;iscte;doc;https://www.youtube.com/watch?v=dQw4w9WgXcQ
13-12-2018;ISCTE obtém a Certificação Ambiental (ISO 14001:2015), tornando-se a primeira Universidade Portuguesa a obter esta certificação;world;doc;https://www.youtube.com/watch?v=dQw4w9WgXcQ
31-12-2018;Criação do Programa Internacional de Ação Humanitária;world;music;https://www.youtube.com/watch?v=dQw4w9WgXcQ
22-02-2019;Maria Luísa Lima eleita Presidente do Conselho Científico;portugal;music;https://www.youtube.com/watch?v=dQw4w9WgXcQ
25-03-2019;Joana Alexandre eleita Presidente do Conselho Pedagógico;iscte;music;https://www.youtube.com/watch?v=dQw4w9WgXcQ
03-04-2019;ISCTE surge classificado pela primeira vez no ranking Times Higher Education (THE) University Impact Rankings;world;music;https://www.youtube.com/watch?v=dQw4w9WgXcQ
09-04-2019;Maria João Sacadura Fonseca Calado de Carvalho e Cortinhal eleita Diretora do IBS;iscte;web_page;https://www.youtube.com/watch?v=dQw4w9WgXcQ
23-05-2019;Criação de Licenciatura em Ciência de Dados;iscte;web_page;https://www.youtube.com/watch?v=dQw4w9WgXcQ
17-07-2019;Maria de Fátima Palmeiro Batista Ferreiro eleita Diretora da ECSH;portugal;social_media;https://www.youtube.com/watch?v=dQw4w9WgXcQ
17-07-2019;Helena Maria Barroso Carvalho eleita Diretora da ESPP;world;web_page;https://www.youtube.com/watch?v=dQw4w9WgXcQ
19-09-2019;ISCTE Welcome Day;world;web_page;https://www.youtube.com/watch?v=dQw4w9WgXcQ
23-09-2019;Apelo de Greta Thurnberg na Cimeira de Ação Climática, ONU, Nova Iorque;portugal;social_media;https://www.youtube.com/watch?v=dQw4w9WgXcQ
30-09-2019;Discentes: 9977;iscte;social_media;https://www.youtube.com/watch?v=dQw4w9WgXcQ
15-10-2019;Madeira: PSD perde maioria absoluta mantida desde a instauração da autonomia. Governo de coligação;world;doc;https://www.youtube.com/watch?v=dQw4w9WgXcQ
06-12-2019;Criação Licenciatura em Ciência de Dados;world;social_media;https://www.youtube.com/watch?v=dQw4w9WgXcQ
31-01-2020;UE: Brexit;portugal;social_media;https://www.youtube.com/watch?v=dQw4w9WgXcQ
18-02-2020;Constituição do Centro de Valorização e Transferência de Tecnologia;iscte;doc;https://www.youtube.com/watch?v=dQw4w9WgXcQ
18-02-2020;Centro de Valorização e Transferência de Tecnologia;world;doc;https://www.youtube.com/watch?v=dQw4w9WgXcQ
11-03-2020;OMS declara pandemia do Covid19;iscte;music;https://www.youtube.com/watch?v=dQw4w9WgXcQ
20-07-2020;16th EASA Biennial Conference. Virtual Lisbon Conference;iscte;doc;https://www.youtube.com/watch?v=dQw4w9WgXcQ
30-09-2020;Discentes: 11214;portugal;web_page;https://www.youtube.com/watch?v=dQw4w9WgXcQ
16-10-2020;Estudante nº 100000 Dércia Patrícia Santos, PG Gestão empresarial;world;web_page;https://www.youtube.com/watch?v=dQw4w9WgXcQ
24-11-2020;Açores: pela primeira vez posse de um governo regional de coligação;world;social_media;https://www.youtube.com/watch?v=dQw4w9WgXcQ
12-12-2020;ISCTE publica o seu primeiro Relatório de Sustentabilidade;portugal;web_page;https://www.youtube.com/watch?v=dQw4w9WgXcQ
15-12-2020;Honoris causa António Correira Campos;iscte;web_page;https://www.youtube.com/watch?v=dQw4w9WgXcQ
15-12-2020;Honoris causa José Pacheco Pereira;world;social_media;https://www.youtube.com/watch?v=dQw4w9WgXcQ
15-12-2020;Honoris causa Nuno Portas;world;social_media;https://www.youtube.com/watch?v=dQw4w9WgXcQ
15-12-2020;Atribuida a Ordem da Instrução Pública;portugal;doc;https://www.youtube.com/watch?v=dQw4w9WgXcQ
17-12-2020;ISCTE obtém a Certificação de Responsabilidade Social (NP 4469:2019);iscte;social_media;https://www.youtube.com/watch?v=dQw4w9WgXcQ
21-12-2020;EMA aprova vacina contra a Covid_19 Comirnaty, laboratórios BioNTech e Pfizer;world;social_media;https://www.youtube.com/watch?v=dQw4w9WgXcQ
31-01-2021;Reino Unido sai da União Europeia (Brexit);world;doc;https://www.youtube.com/watch?v=dQw4w9WgXcQ
18-03-2021;Maria Luísa Lima eleita Presidente do Conselho Científico;iscte;doc;https://www.youtube.com/watch?v=dQw4w9WgXcQ
13-07-2021;Joana Alexandre eleita Presidente do Conselho Pedagógico;iscte;music;https://www.youtube.com/watch?v=dQw4w9WgXcQ
19-07-2021;Júlio Pedrosa eleito Presidente do Conselho Geral;portugal;doc;https://www.youtube.com/watch?v=dQw4w9WgXcQ
31-08-2021;Retirada militar norte-americana do Afeganistão;world;image;https://www.youtube.com/watch?v=dQw4w9WgXcQ
30-09-2021;Discentes: 11073;world;image;https://www.youtube.com/watch?v=dQw4w9WgXcQ
31-10-2021;COP26 UN Climate Change, Glasgow;portugal;video;https://www.youtube.com/watch?v=dQw4w9WgXcQ
14-11-2021;Claque ISCTE assiste ao jogo da seleção portuguesa contra a seleção sérvi;iscte;image;https://www.youtube.com/watch?v=dQw4w9WgXcQ
15-12-2022;Cinquentenário;world;image;https://www.youtube.com/watch?v=dQw4w9WgXcQ
00-01-1973;Criação da comissão para nomeação de professores;iscte;video;https://www.youtube.com/watch?v=dQw4w9WgXcQ
00-03-1994;ISCTE: 20 anos a fazer universidade fora da academia;iscte;image;https://www.youtube.com/watch?v=dQw4w9WgXcQ
00-07-2013;Constituição do Centro de Estudos Internacionais (cei_ISCTE);portugal;video;https://www.youtube.com/watch?v=dQw4w9WgXcQ
;Acesso à internet;world;web_page;https://www.youtube.com/watch?v=dQw4w9WgXcQ
;Acreditações internacionais;world;video;https://www.youtube.com/watch?v=dQw4w9WgXcQ
;Alumni Clube ISCTE;portugal;video;https://www.youtube.com/watch?v=dQw4w9WgXcQ
;Alumni Network;iscte;web_page;https://www.youtube.com/watch?v=dQw4w9WgXcQ
;Aquisição edifício DGTT;world;web_page;https://www.youtube.com/watch?v=dQw4w9WgXcQ
;Atribuição de e-mails;iscte;social_media;https://www.youtube.com/watch?v=dQw4w9WgXcQ
;Avaliação do Desempenho Docente;iscte;image;https://www.youtube.com/watch?v=dQw4w9WgXcQ
;Catálogo da biblioteca em linha;portugal;image;https://www.youtube.com/watch?v=dQw4w9WgXcQ
;Concurso;world;video;https://www.youtube.com/watch?v=dQw4w9WgXcQ
;Corpo docente;world;image;https://www.youtube.com/watch?v=dQw4w9WgXcQ
;CRIA;portugal;image;https://www.youtube.com/watch?v=dQw4w9WgXcQ
;Constituição Centro de Informática;iscte;video;https://www.youtube.com/watch?v=dQw4w9WgXcQ
;Criação da IBS;world;image;https://www.youtube.com/watch?v=dQw4w9WgXcQ
;Primeiro curso de mestrado;world;video;https://www.youtube.com/watch?v=dQw4w9WgXcQ
;Departamentalização;portugal;web_page;https://www.youtube.com/watch?v=dQw4w9WgXcQ
;Dotações orçamentais;iscte;video;https://www.youtube.com/watch?v=dQw4w9WgXcQ
;Efetivos discentes;world;video;https://www.youtube.com/watch?v=dQw4w9WgXcQ
;Efetivos docentes;iscte;web_page;https://www.youtube.com/watch?v=dQw4w9WgXcQ
;Efetivos não docentes;iscte;web_page;https://www.youtube.com/watch?v=dQw4w9WgXcQ
;Estatistica de cursos por ciclos;portugal;social_media;https://www.youtube.com/watch?v=dQw4w9WgXcQ
;Fase azul;world;;https://www.youtube.com/watch?v=dQw4w9WgXcQ
;Fase branca;world;web_page;https://www.youtube.com/watch?v=dQw4w9WgXcQ
;Fase multicolor;portugal;web_page;https://www.youtube.com/watch?v=dQw4w9WgXcQ
;Fase verde;iscte;social_media;https://www.youtube.com/watch?v=dQw4w9WgXcQ
;Fraude académica;world;social_media;https://www.youtube.com/watch?v=dQw4w9WgXcQ
;Honoris causa Fernando Henrique Cardoso;world;doc;https://www.youtube.com/watch?v=dQw4w9WgXcQ
;istar_ISCTE;portugal;social_media;https://www.youtube.com/watch?v=dQw4w9WgXcQ
;Constituição do Instituto de Telecomunicações IT-IUL;iscte;social_media;https://www.youtube.com/watch?v=dQw4w9WgXcQ
;Livros comemorativos;world;doc;https://www.youtube.com/watch?v=dQw4w9WgXcQ
;Programa Erasmus;iscte;doc;https://www.youtube.com/watch?v=dQw4w9WgXcQ
;Oferta formativa;iscte;music;https://www.youtube.com/watch?v=dQw4w9WgXcQ
;Portuguese Journal of Social Science;portugal;doc;https://www.youtube.com/watch?v=dQw4w9WgXcQ
;Primeiro doutoramento (antropologia);world;image;https://www.youtube.com/watch?v=dQw4w9WgXcQ
;Primeiro doutoramento (gestão);world;image;https://www.youtube.com/watch?v=dQw4w9WgXcQ
;Primeiro doutoramento (sociologia);portugal;video;https://www.youtube.com/watch?v=dQw4w9WgXcQ
;Relatórios ao CGeral;iscte;image;https://www.youtube.com/watch?v=dQw4w9WgXcQ
;Provedor/a do Estudante;world;image;https://www.youtube.com/watch?v=dQw4w9WgXcQ
;Globalização do pastel de nata;world;video;https://www.youtube.com/watch?v=dQw4w9WgXcQ
;Adesão à European Universities Association (EUA);portugal;image;https://www.youtube.com/watch?v=dQw4w9WgXcQ
;Dissertações e teses concluídas;iscte;video;https://www.youtube.com/watch?v=dQw4w9WgXcQ
;Ranking qualidade;world;web_page;https://www.youtube.com/watch?v=dQw4w9WgXcQ
;Nº docentes / nº docentes por departamento;iscte;video;https://www.youtube.com/watch?v=dQw4w9WgXcQ
;Candidaturas a mestrados on line;iscte;image;https://www.youtube.com/watch?v=dQw4w9WgXcQ
;Criação do Departamento de Economia Política;portugal;image;https://www.youtube.com/watch?v=dQw4w9WgXcQ
;Criação do Departamento de Psicologia Social e das Organizações;world;video;https://www.youtube.com/watch?v=dQw4w9WgXcQ
;Criação do Departamento de Arquitectura e Urbanismo;world;image;https://www.youtube.com/watch?v=dQw4w9WgXcQ
;Criação do Departamento de Matemática;portugal;image;https://www.youtube.com/watch?v=dQw4w9WgXcQ
;Criação do Departamento de Contabilidade;iscte;video;https://www.youtube.com/watch?v=dQw4w9WgXcQ
;Criação do Departamento de Economia;world;image;https://www.youtube.com/watch?v=dQw4w9WgXcQ
;Criação do Departamento de Recursos Humanos e Comportamento Organizacional;world;video;https://www.youtube.com/watch?v=dQw4w9WgXcQ
;Criação da Unidade de Investigação em Desenvolvimento Empresarial (BRU-IUL);portugal;web_page;https://www.youtube.com/watch?v=dQw4w9WgXcQ
;Criação do Departamento de Sociologia;iscte;video;https://www.youtube.com/watch?v=dQw4w9WgXcQ
;Criação do Departamento de Ciência Política e Políticas Públicas;world;video;https://www.youtube.com/watch?v=dQw4w9WgXcQ
;Criação do Departamento de Métodos de Pesquisa Social;iscte;web_page;https://www.youtube.com/watch?v=dQw4w9WgXcQ
;Criação da Escola de Ciências Sociais e Humanas;iscte;web_page;https://www.youtube.com/watch?v=dQw4w9WgXcQ
;Criação da Escola de Tecnologias e Arquitetura;portugal;social_media;https://www.youtube.com/watch?v=dQw4w9WgXcQ
;Criação da Escola de Gestão;world;web_page;https://www.youtube.com/watch?v=dQw4w9WgXcQ
;Criação da Escola de Sociologia e Políticas Públicas;world;web_page;https://www.youtube.com/watch?v=dQw4w9WgXcQ
;Criação da Biblioteca;portugal;social_media;https://www.youtube.com/watch?v=dQw4w9WgXcQ
;Criação do Centro de Documentação;iscte;social_media;https://www.youtube.com/watch?v=dQw4w9WgXcQ
;Passagem do Centro de Documentação para a Biblioteca;world;doc;https://www.youtube.com/watch?v=dQw4w9WgXcQ
30-09-1988;Discentes: 2893;world;social_media;https://www.youtube.com/watch?v=dQw4w9WgXcQ
17-01-1982;Defesa da primeira tese de doutoramento do ISCTE-IUL;portugal;social_media;https://www.youtube.com/watch?v=dQw4w9WgXcQ
17-01-1982;Defesa da primeira tese de doutoramento em Sociologia, José Madureira Pinto;iscte;doc;https://www.youtube.com/watch?v=dQw4w9WgXcQ
31-12-1989;Defesa da primeira tese de doutoramento em Antropologia Social, José Fialho Feliciano;world;doc;https://www.youtube.com/watch?v=dQw4w9WgXcQ
31-12-1994;Defesa da primeira tese de doutoramento em Psicologia Social, Luísa Pedrosa Lima;iscte;music;https://www.youtube.com/watch?v=dQw4w9WgXcQ
31-12-1994;Defesa da primeira tese de doutoramento em OGE, Victor Roldão;iscte;doc;https://www.youtube.com/watch?v=dQw4w9WgXcQ
07-04-1981;Projeto ISCTE;portugal;doc;https://www.youtube.com/watch?v=dQw4w9WgXcQ
12-03-1981;Reunião com a Universidade de Lisboa, relativa a integração na UL;world;music;https://www.youtube.com/watch?v=dQw4w9WgXcQ
29-04-1983;"Decreto Lei nº 167/83, ISCTE consagrado como ""Estabelecimento de ensino superior universitário"" e viabiliza a concessão do grau de doutor através da UTL";world;music;https://www.youtube.com/watch?v=dQw4w9WgXcQ
31-04-1981;Docentes: 161;portugal;music;https://www.youtube.com/watch?v=dQw4w9WgXcQ
23-04-2018;INDEG-IUL assina protocolo de cooperação com a IAPMEI para a implementação de três programas de desenvolvimento para PME;iscte;music;https://www.youtube.com/watch?v=dQw4w9WgXcQ
31-12-1984;Criação do CIDEC (Centro Interdisciplinar de Estudos Económicos);world;web_page;https://www.youtube.com/watch?v=dQw4w9WgXcQ
00-04-1985;A Revista de Gestão;world;web_page;https://www.youtube.com/watch?v=dQw4w9WgXcQ
31-12-1988;Criação do GIESTA (Grupo de Investigação Científica e Análise de Dados);portugal;social_media;https://www.youtube.com/watch?v=dQw4w9WgXcQ
31-12-1989;Criação do JUSOECONOMIAE (Centro de Estudos de Direito das Empresas da Administração Pública e das Comunidades Europeias);iscte;web_page;https://www.youtube.com/watch?v=dQw4w9WgXcQ
14-10-1986;Leis base do sistema educativo;world;web_page;https://www.youtube.com/watch?v=dQw4w9WgXcQ
24-09-1988;Lei da Autonomia das Universidades;iscte;social_media;https://www.youtube.com/watch?v=dQw4w9WgXcQ
02-11-1989;Assembleia Especial do ISCTE reúne-se para apreciar as alterações jurídicas;iscte;social_media;https://www.youtube.com/watch?v=dQw4w9WgXcQ
31-12-1991;ISCTE no presente e no futuro;portugal;doc;https://www.youtube.com/watch?v=dQw4w9WgXcQ
31-12-1990;O ISCTE nos anos 90, Mário Murteira;world;social_media;https://www.youtube.com/watch?v=dQw4w9WgXcQ
31-12-1987;Inicio da construção do Pavilhão-Esplanada;world;social_media;https://www.youtube.com/watch?v=dQw4w9WgXcQ
31-12-1989;Início da construção da Ala Autónoma;portugal;doc;https://www.youtube.com/watch?v=dQw4w9WgXcQ
31-12-1991;Início da construção do edífico da INDEG;iscte;doc;https://www.youtube.com/watch?v=dQw4w9WgXcQ
31-12-1986;III Conferência Nacional do Ensino Superior;world;music;https://www.youtube.com/watch?v=dQw4w9WgXcQ
31-12-1988;Criação do Mestrado em Sociologia do Trabalho;world;doc;https://www.youtube.com/watch?v=dQw4w9WgXcQ
31-12-1988;Criação do Mestrado em Sociologia Urbana e Rural;portugal;web_page;https://www.youtube.com/watch?v=dQw4w9WgXcQ
30-09-1993;Discentes: 3531;iscte;web_page;https://www.youtube.com/watch?v=dQw4w9WgXcQ
31-12-1993;Criação da FUP (Fundação das Universidades Portuguesas);world;social_media;https://www.youtube.com/watch?v=dQw4w9WgXcQ
